{
	"format_version": "1.21.6",
	"texture_size": [32, 32],
	"textures": {
		"particle": "item/orb_of_dominance"
	},
	"elements": [
		{
			"from": [0, 0, 0],
			"to": [16, 16, 16],
			"faces": {
				"north": {"uv": [0, 0, 8, 8], "texture": "#particle"},
				"east": {"uv": [0, 0, 8, 8], "texture": "#particle"},
				"south": {"uv": [0, 0, 8, 8], "texture": "#particle"},
				"west": {"uv": [0, 0, 8, 8], "texture": "#particle"},
				"up": {"uv": [0, 0, 8, 8], "texture": "#particle"},
				"down": {"uv": [0, 0, 8, 8], "texture": "#particle"}
			}
		}
	],
	"display": {
		"thirdperson_righthand": {
			"rotation": [3.67, 47.04, 28.18],
			"translation": [0, -0.25, -1.75],
			"scale": [0.2, 0.2, 0.2]
		},
		"thirdperson_lefthand": {
			"translation": [0, -2, -2],
			"scale": [0.2, 0.2, 0.2]
		},
		"firstperson_righthand": {
			"rotation": [-15.1, 31.25, 21.94],
			"translation": [5, -0.25, -1.75],
			"scale": [0.3, 0.3, 0.3]
		},
		"firstperson_lefthand": {
			"translation": [5, -0.25, -1.75],
			"scale": [0.3, 0.3, 0.3]
		},
		"ground": {
			"translation": [-0.5, 3.25, -0.5],
			"scale": [0.3, 0.3, 0.3]
		},
		"gui": {
			"rotation": [38.05, 24.9, -18.23],
			"translation": [0.25, 0, -6.5],
			"scale": [0.5, 0.5, 0.5]
		},
		"head": {
			"rotation": [-13.07, 9.65, 16.18],
			"translation": [-0.25, 10.75, 0.5],
			"scale": [0.3, 0.3, 0.3]
		},
		"fixed": {
			"rotation": [38.05, 24.9, -18.23],
			"translation": [-0.5, 0, -6.5],
			"scale": [0.5, 0.5, 0.5]
		}
	}
}